﻿ID de Usuario;Nombre;Tiempo;Código de Pago;Estado de Trabajo;Nombre de la Terminal
1;JAIRO.CRUZ;2021-12-10 07:26:50;;Entrada;BIOMETRICO2
1;JAIRO.CRUZ;2021-12-10 07:27:19;;Entrada;BIOMETRICO2
1;JAIRO.CRUZ;2021-12-10 07:27:30;;Entrada;BIOMETRICO2
1;JAIRO.CRUZ;2021-12-11 07:38:18;;Entrada;BIOMETRICO2
1;JAIRO.CRUZ;2021-12-14 07:16:25;;Entrada;BIOMETRICO1
1;JAIRO.CRUZ;2021-12-14 08:34:52;;Entrada;BIOMETRICO1
1;JAIRO.CRUZ;2021-12-14 16:33:09;;Salida;BIOMETRICO1
1;JAIRO.CRUZ;2021-12-14 19:38:11;;Entrada;BIOMETRICO1
3;OMAR.GOMEZ GONZALES;2021-12-14 07:13:56;;Entrada;BIOMETRICO1
3;OMAR.GOMEZ GONZALES;2021-12-14 16:46:02;;Salida;BIOMETRICO1
3;OMAR.GOMEZ GONZALES;2021-12-15 06:49:43;;Entrada;BIOMETRICO1
4;MARIA ANGELICA.PIANDA;2021-12-14 22:13:05;;Entrada;BIOMETRICO1
4;MARIA ANGELICA.PIANDA;2021-12-15 06:53:28;;Entrada;BIOMETRICO1
5;HUGO.PEÑA MANRIQUE;2021-12-14 07:10:52;;Entrada;BIOMETRICO1
5;HUGO.PEÑA MANRIQUE;2021-12-14 16:51:36;;Salida;BIOMETRICO1
5;HUGO.PEÑA MANRIQUE;2021-12-14 16:51:44;;Salida;BIOMETRICO1
5;HUGO.PEÑA MANRIQUE;2021-12-15 06:45:18;;Entrada;BIOMETRICO1
6;EDUARDO CAMILO.PORRAS ATENCIA;2021-12-14 16:36:16;;Entrada;BIOMETRICO1
6;EDUARDO CAMILO.PORRAS ATENCIA;2021-12-14 22:17:14;;Entrada;BIOMETRICO1
6;EDUARDO CAMILO.PORRAS ATENCIA;2021-12-14 22:17:26;;Entrada;BIOMETRICO1
6;EDUARDO CAMILO.PORRAS ATENCIA;2021-12-15 06:38:17;;Entrada;BIOMETRICO1
8;JORGE LUIS.CARREÑO SUAREZ;2021-12-14 07:07:45;;Entrada;BIOMETRICO1
8;JORGE LUIS.CARREÑO SUAREZ;2021-12-14 16:55:42;;Salida;BIOMETRICO1
8;JORGE LUIS.CARREÑO SUAREZ;2021-12-15 06:51:03;;Entrada;BIOMETRICO1
9;SABRINA MILENA.RODRIGUEZ MEJIA;2021-12-14 16:36:32;;Salida;BIOMETRICO1
9;SABRINA MILENA.RODRIGUEZ MEJIA;2021-12-14 21:14:38;;Entrada;BIOMETRICO1
9;SABRINA MILENA.RODRIGUEZ MEJIA;2021-12-14 21:14:45;;Entrada;BIOMETRICO1
9;SABRINA MILENA.RODRIGUEZ MEJIA;2021-12-15 06:52:12;;Entrada;BIOMETRICO1
10;JHON WALTER.VILLADIEGO DIAZ;2021-12-14 16:45:46;;Salida;BIOMETRICO1
10;JHON WALTER.VILLADIEGO DIAZ;2021-12-14 19:41:33;;Entrada;BIOMETRICO1
10;JHON WALTER.VILLADIEGO DIAZ;2021-12-15 06:57:26;;Entrada;BIOMETRICO1
11;SAMUEL.TORRES RANGEL;2021-12-14 16:56:30;;Salida;BIOMETRICO1
11;SAMUEL.TORRES RANGEL;2021-12-14 22:15:17;;Entrada;BIOMETRICO1
11;SAMUEL.TORRES RANGEL;2021-12-15 06:42:45;;Entrada;BIOMETRICO1
12;PABLO ANDRES.MANGA LASTRE;2021-12-14 07:08:53;;Entrada;BIOMETRICO1
13;RUBEN DARIO.RIAÑO SILVA;2021-12-14 16:51:31;;Salida;BIOMETRICO1
13;RUBEN DARIO.RIAÑO SILVA;2021-12-15 07:02:24;;Salida;BIOMETRICO1
14;JOSE GREGORIO.MENDEZ LAFAURIE;2021-12-14 07:27:30;;Entrada;BIOMETRICO1
14;JOSE GREGORIO.MENDEZ LAFAURIE;2021-12-14 16:55:49;;Salida;BIOMETRICO1
14;JOSE GREGORIO.MENDEZ LAFAURIE;2021-12-14 16:55:55;;Salida;BIOMETRICO1
14;JOSE GREGORIO.MENDEZ LAFAURIE;2021-12-15 06:46:30;;Entrada;BIOMETRICO1
15;RAFAEL AUGUSTO.ALVAREZ MORALES;2021-12-14 07:25:20;;Entrada;BIOMETRICO1
15;RAFAEL AUGUSTO.ALVAREZ MORALES;2021-12-14 16:53:21;;Salida;BIOMETRICO1
15;RAFAEL AUGUSTO.ALVAREZ MORALES;2021-12-15 06:46:37;;Entrada;BIOMETRICO1
16;WILMER RAFAEL.AGUAS MORENO;2021-12-14 07:24:28;;Entrada;BIOMETRICO1
16;WILMER RAFAEL.AGUAS MORENO;2021-12-14 16:55:00;;Salida;BIOMETRICO1
16;WILMER RAFAEL.AGUAS MORENO;2021-12-15 06:57:39;;Entrada;BIOMETRICO1
16;WILMER RAFAEL.AGUAS MORENO;2021-12-15 06:57:40;;Entrada;BIOMETRICO1
17;CARLOS ANDRES.DIAZ COGARIA;2021-12-14 07:26:01;;Entrada;BIOMETRICO1
17;CARLOS ANDRES.DIAZ COGARIA;2021-12-14 16:48:18;;Salida;BIOMETRICO1
17;CARLOS ANDRES.DIAZ COGARIA;2021-12-15 06:42:31;;Entrada;BIOMETRICO1
17;CARLOS ANDRES.DIAZ COGARIA;2021-12-15 06:42:33;;Entrada;BIOMETRICO1
18;PEDRO ELIAS.SARMIENTO HERNANDEZ;2021-12-14 07:24:35;;Entrada;BIOMETRICO1
18;PEDRO ELIAS.SARMIENTO HERNANDEZ;2021-12-14 16:50:21;;Salida;BIOMETRICO1
18;PEDRO ELIAS.SARMIENTO HERNANDEZ;2021-12-15 06:47:36;;Entrada;BIOMETRICO1
19;ALFONSO AMADOR.CASTILLO CELIS;2021-12-14 07:15:18;;Entrada;BIOMETRICO1
19;ALFONSO AMADOR.CASTILLO CELIS;2021-12-14 16:47:44;;Salida;BIOMETRICO1
19;ALFONSO AMADOR.CASTILLO CELIS;2021-12-15 06:45:35;;Entrada;BIOMETRICO1
20;JHONY SANTIAGO.VILLA LOPEZ;2021-12-14 07:23:49;;Entrada;BIOMETRICO1
20;JHONY SANTIAGO.VILLA LOPEZ;2021-12-14 16:50:00;;Salida;BIOMETRICO1
20;JHONY SANTIAGO.VILLA LOPEZ;2021-12-15 06:56:55;;Entrada;BIOMETRICO1
22;LUIS FRANCISCO.LOPEZ CANO;2021-12-14 07:18:17;;Entrada;BIOMETRICO1
22;LUIS FRANCISCO.LOPEZ CANO;2021-12-14 16:48:26;;Salida;BIOMETRICO1
22;LUIS FRANCISCO.LOPEZ CANO;2021-12-15 06:48:50;;Entrada;BIOMETRICO1
23;ABELARDO.RAMOS VALDERRAMA;2021-12-14 07:23:16;;Entrada;BIOMETRICO1
23;ABELARDO.RAMOS VALDERRAMA;2021-12-14 16:48:34;;Salida;BIOMETRICO1
23;ABELARDO.RAMOS VALDERRAMA;2021-12-15 06:49:49;;Entrada;BIOMETRICO1
24;MIGUEL.BOHORQUEZ AMAYA;2021-12-14 16:54:17;;Salida;BIOMETRICO1
24;MIGUEL.BOHORQUEZ AMAYA;2021-12-15 06:56:33;;Entrada;BIOMETRICO1
25;RONNY.VIDES MARTINEZ;2021-12-14 07:25:27;;Entrada;BIOMETRICO1
25;RONNY.VIDES MARTINEZ;2021-12-14 16:47:18;;Salida;BIOMETRICO1
25;RONNY.VIDES MARTINEZ;2021-12-15 06:47:03;;Entrada;BIOMETRICO1
26;JOHAM.MARTINEZ RUIZ;2021-12-14 07:23:27;;Entrada;BIOMETRICO1
26;JOHAM.MARTINEZ RUIZ;2021-12-14 16:46:18;;Salida;BIOMETRICO1
26;JOHAM.MARTINEZ RUIZ;2021-12-14 16:46:19;;Salida;BIOMETRICO1
26;JOHAM.MARTINEZ RUIZ;2021-12-15 06:46:58;;Entrada;BIOMETRICO1
27;JOAO ALEXANDER.VALLE RONDON;2021-12-14 07:23:32;;Entrada;BIOMETRICO1
27;JOAO ALEXANDER.VALLE RONDON;2021-12-14 16:45:52;;Salida;BIOMETRICO1
27;JOAO ALEXANDER.VALLE RONDON;2021-12-15 07:01:05;;Entrada;BIOMETRICO1
28;JULIO.VERA MORON;2021-12-14 07:23:10;;Entrada;BIOMETRICO1
28;JULIO.VERA MORON;2021-12-14 16:47:38;;Salida;BIOMETRICO1
28;JULIO.VERA MORON;2021-12-15 06:47:55;;Entrada;BIOMETRICO1
29;NELSON SAMUEL.CAMACHO BASTO;2021-12-14 07:25:40;;Entrada;BIOMETRICO1
29;NELSON SAMUEL.CAMACHO BASTO;2021-12-14 16:46:42;;Salida;BIOMETRICO1
29;NELSON SAMUEL.CAMACHO BASTO;2021-12-15 06:57:09;;Entrada;BIOMETRICO1
30;ERNESTO.OSPINA CAMACHO;2021-12-14 07:11:28;;Entrada;BIOMETRICO1
30;ERNESTO.OSPINA CAMACHO;2021-12-14 16:45:10;;Salida;BIOMETRICO1
30;ERNESTO.OSPINA CAMACHO;2021-12-15 06:48:06;;Entrada;BIOMETRICO1
31;JAIME ALBERTO.ACOSTA CASTRO;2021-12-14 07:11:44;;Entrada;BIOMETRICO1
31;JAIME ALBERTO.ACOSTA CASTRO;2021-12-14 16:49:17;;Salida;BIOMETRICO1
31;JAIME ALBERTO.ACOSTA CASTRO;2021-12-15 07:07:37;;Entrada;BIOMETRICO1
32;ARIEL MAURICIO.ROSALES VIANA;2021-12-14 07:11:48;;Entrada;BIOMETRICO1
32;ARIEL MAURICIO.ROSALES VIANA;2021-12-14 16:49:41;;Salida;BIOMETRICO1
32;ARIEL MAURICIO.ROSALES VIANA;2021-12-15 06:49:33;;Entrada;BIOMETRICO1
32;ARIEL MAURICIO.ROSALES VIANA;2021-12-15 06:49:37;;Entrada;BIOMETRICO1
33;SMITH.AREVALO BELLO;2021-12-14 07:11:34;;Entrada;BIOMETRICO1
33;SMITH.AREVALO BELLO;2021-12-14 07:11:35;;Entrada;BIOMETRICO1
33;SMITH.AREVALO BELLO;2021-12-14 16:51:18;;Salida;BIOMETRICO1
33;SMITH.AREVALO BELLO;2021-12-15 06:46:12;;Entrada;BIOMETRICO1
34;HECTOR.SARMIENTO HERNANDEZ;2021-12-14 16:45:17;;Salida;BIOMETRICO1
34;HECTOR.SARMIENTO HERNANDEZ;2021-12-14 20:02:59;;Entrada;BIOMETRICO1
34;HECTOR.SARMIENTO HERNANDEZ;2021-12-15 06:50:52;;Entrada;BIOMETRICO1
36;KAROL MAURICIO.EGEA PEREZ;2021-12-14 07:23:44;;Entrada;BIOMETRICO1
36;KAROL MAURICIO.EGEA PEREZ;2021-12-14 16:48:11;;Salida;BIOMETRICO1
36;KAROL MAURICIO.EGEA PEREZ;2021-12-15 06:48:02;;Entrada;BIOMETRICO1
37;MIGUEL ANTONIO.BELTRAN NAVARRO;2021-12-14 07:24:06;;Entrada;BIOMETRICO1
37;MIGUEL ANTONIO.BELTRAN NAVARRO;2021-12-14 16:50:52;;Salida;BIOMETRICO1
37;MIGUEL ANTONIO.BELTRAN NAVARRO;2021-12-15 06:50:02;;Entrada;BIOMETRICO1
38;DUVAL.MUNERA ACUÑA;2021-12-14 07:23:53;;Entrada;BIOMETRICO1
38;DUVAL.MUNERA ACUÑA;2021-12-14 16:50:09;;Salida;BIOMETRICO1
38;DUVAL.MUNERA ACUÑA;2021-12-15 06:45:11;;Entrada;BIOMETRICO1
39;ENMANUEL.MIRANDA NARVAEZ;2021-12-14 07:22:04;;Entrada;BIOMETRICO1
39;ENMANUEL.MIRANDA NARVAEZ;2021-12-14 16:50:28;;Salida;BIOMETRICO1
39;ENMANUEL.MIRANDA NARVAEZ;2021-12-15 06:56:44;;Entrada;BIOMETRICO1
40;LUIS EMEL.RAMOS VALDERRAMA;2021-12-14 07:23:38;;Entrada;BIOMETRICO1
40;LUIS EMEL.RAMOS VALDERRAMA;2021-12-14 16:48:50;;Salida;BIOMETRICO1
40;LUIS EMEL.RAMOS VALDERRAMA;2021-12-14 16:49:00;;Salida;BIOMETRICO1
40;LUIS EMEL.RAMOS VALDERRAMA;2021-12-15 06:54:59;;Entrada;BIOMETRICO1
41;ANDERSON.GUTIERREZ ACUÑA;2021-12-14 07:22:37;;Entrada;BIOMETRICO1
41;ANDERSON.GUTIERREZ ACUÑA;2021-12-14 16:49:37;;Salida;BIOMETRICO1
41;ANDERSON.GUTIERREZ ACUÑA;2021-12-15 06:45:30;;Entrada;BIOMETRICO1
42;JUAN DIEGO.OROZCO QUEVEDO;2021-12-14 07:22:12;;Entrada;BIOMETRICO1
42;JUAN DIEGO.OROZCO QUEVEDO;2021-12-14 07:22:13;;Entrada;BIOMETRICO1
42;JUAN DIEGO.OROZCO QUEVEDO;2021-12-14 16:53:42;;Salida;BIOMETRICO1
42;JUAN DIEGO.OROZCO QUEVEDO;2021-12-14 16:53:43;;Salida;BIOMETRICO1
42;JUAN DIEGO.OROZCO QUEVEDO;2021-12-15 06:45:40;;Entrada;BIOMETRICO1
43;HERMIDES.MIRANDA TRUJILLO;2021-12-14 07:42:12;;Entrada;BIOMETRICO1
43;HERMIDES.MIRANDA TRUJILLO;2021-12-14 16:52:40;;Salida;BIOMETRICO1
43;HERMIDES.MIRANDA TRUJILLO;2021-12-15 06:45:47;;Entrada;BIOMETRICO1
45;GUILLERMO.TANG MARTINEZ;2021-12-14 07:11:15;;Entrada;BIOMETRICO1
45;GUILLERMO.TANG MARTINEZ;2021-12-14 16:45:38;;Salida;BIOMETRICO1
45;GUILLERMO.TANG MARTINEZ;2021-12-15 06:45:23;;Entrada;BIOMETRICO1
46;JAIME.VANEGAS CASTRO;2021-12-14 07:10:43;;Entrada;BIOMETRICO1
46;JAIME.VANEGAS CASTRO;2021-12-14 16:56:02;;Salida;BIOMETRICO1
46;JAIME.VANEGAS CASTRO;2021-12-15 06:53:37;;Entrada;BIOMETRICO1
47;DALGY MELISSA.ARENAS EZENARRO;2021-12-14 16:45:31;;Salida;BIOMETRICO1
47;DALGY MELISSA.ARENAS EZENARRO;2021-12-15 06:50:17;;Entrada;BIOMETRICO1
48;ANDRES ADOLFO.PEREZ GOMEZ;2021-12-14 21:23:10;;Entrada;BIOMETRICO1
48;ANDRES ADOLFO.PEREZ GOMEZ;2021-12-14 21:23:17;;Entrada;BIOMETRICO1
48;ANDRES ADOLFO.PEREZ GOMEZ;2021-12-14 21:23:23;;Entrada;BIOMETRICO1
48;ANDRES ADOLFO.PEREZ GOMEZ;2021-12-15 07:01:54;;Entrada;BIOMETRICO1
49;ALBEIRO.LEON ALARCON;2021-12-14 17:04:21;;Salida;BIOMETRICO1
49;ALBEIRO.LEON ALARCON;2021-12-15 07:02:53;;Entrada;BIOMETRICO1
50;MARIA DEL CARMEN.AGUILAR GALEANO;2021-12-14 07:08:11;;Entrada;BIOMETRICO1
50;MARIA DEL CARMEN.AGUILAR GALEANO;2021-12-14 16:56:17;;Salida;BIOMETRICO1
50;MARIA DEL CARMEN.AGUILAR GALEANO;2021-12-15 06:42:17;;Entrada;BIOMETRICO1
50;MARIA DEL CARMEN.AGUILAR GALEANO;2021-12-15 06:42:19;;Entrada;BIOMETRICO1
51;MAICOL.LEON MENDEZ;2021-12-14 07:13:42;;Entrada;BIOMETRICO1
51;MAICOL.LEON MENDEZ;2021-12-14 16:54:11;;Salida;BIOMETRICO1
51;MAICOL.LEON MENDEZ;2021-12-15 06:51:56;;Entrada;BIOMETRICO1
52;RICARDO ANDRES.TRIANA CARDENAS;2021-12-14 07:07:48;;Entrada;BIOMETRICO1
52;RICARDO ANDRES.TRIANA CARDENAS;2021-12-14 16:46:10;;Salida;BIOMETRICO1
52;RICARDO ANDRES.TRIANA CARDENAS;2021-12-15 06:57:16;;Entrada;BIOMETRICO1
52;RICARDO ANDRES.TRIANA CARDENAS;2021-12-15 06:57:17;;Entrada;BIOMETRICO1
53;UBALDO.AMAYA ATENCIA;2021-12-14 07:26:10;;Entrada;BIOMETRICO1
53;UBALDO.AMAYA ATENCIA;2021-12-14 16:45:23;;Salida;BIOMETRICO1
53;UBALDO.AMAYA ATENCIA;2021-12-15 06:50:31;;Entrada;BIOMETRICO1
54;MAURICIO.RUIZ GRANADOS;2021-12-14 16:57:55;;Salida;BIOMETRICO1
54;MAURICIO.RUIZ GRANADOS;2021-12-15 07:02:39;;Entrada;BIOMETRICO1
55;MAURICIO ARIXANDROX.JARAMILLO AVENDAÑO;2021-12-14 16:52:08;;Salida;BIOMETRICO1
55;MAURICIO ARIXANDROX.JARAMILLO AVENDAÑO;2021-12-14 20:03:43;;Entrada;BIOMETRICO1
55;MAURICIO ARIXANDROX.JARAMILLO AVENDAÑO;2021-12-15 06:57:01;;Entrada;BIOMETRICO1
57;NELSON.LEON;2021-12-14 07:24:17;;Entrada;BIOMETRICO1
57;NELSON.LEON;2021-12-14 16:54:22;;Salida;BIOMETRICO1
57;NELSON.LEON;2021-12-15 06:44:35;;Entrada;BIOMETRICO1
58;SAMUEL.DOMINGUEZ ACELES;2021-12-14 07:24:44;;Entrada;BIOMETRICO1
58;SAMUEL.DOMINGUEZ ACELES;2021-12-14 16:54:39;;Salida;BIOMETRICO1
58;SAMUEL.DOMINGUEZ ACELES;2021-12-15 06:47:12;;Entrada;BIOMETRICO1
59;HERNANDO.SUAREZ VELASQUEZ;2021-12-14 16:52:34;;Salida;BIOMETRICO1
59;HERNANDO.SUAREZ VELASQUEZ;2021-12-14 21:13:06;;Entrada;BIOMETRICO1
59;HERNANDO.SUAREZ VELASQUEZ;2021-12-15 06:43:47;;Entrada;BIOMETRICO1
60;DAIRO.CUADRADO ALVAREZ;2021-12-14 07:27:52;;Entrada;BIOMETRICO1
60;DAIRO.CUADRADO ALVAREZ;2021-12-14 16:55:22;;Salida;BIOMETRICO1
60;DAIRO.CUADRADO ALVAREZ;2021-12-15 06:49:55;;Entrada;BIOMETRICO1
61;EDWIN.PADILLA SARMIENTO;2021-12-14 07:27:56;;Entrada;BIOMETRICO1
61;EDWIN.PADILLA SARMIENTO;2021-12-14 16:50:34;;Salida;BIOMETRICO1
61;EDWIN.PADILLA SARMIENTO;2021-12-15 06:46:18;;Entrada;BIOMETRICO1
62;JACKELINE.ARIAS PINZON;2021-12-14 07:11:03;;Entrada;BIOMETRICO1
62;JACKELINE.ARIAS PINZON;2021-12-14 16:52:04;;Salida;BIOMETRICO1
62;JACKELINE.ARIAS PINZON;2021-12-15 07:01:18;;Entrada;BIOMETRICO1
64;AUDEN.SANCHEZ BOTELLO;2021-12-14 07:21:56;;Entrada;BIOMETRICO1
64;AUDEN.SANCHEZ BOTELLO;2021-12-14 16:54:06;;Salida;BIOMETRICO1
64;AUDEN.SANCHEZ BOTELLO;2021-12-15 06:44:26;;Entrada;BIOMETRICO1
65;IRMA YANNE.LOZANO TOLOZA;2021-12-14 07:21:49;;Entrada;BIOMETRICO1
65;IRMA YANNE.LOZANO TOLOZA;2021-12-14 16:51:51;;Salida;BIOMETRICO1
65;IRMA YANNE.LOZANO TOLOZA;2021-12-15 06:50:44;;Entrada;BIOMETRICO1
66;ANDERSON.LUNA RETAMOZO;2021-12-14 07:25:54;;Entrada;BIOMETRICO1
66;ANDERSON.LUNA RETAMOZO;2021-12-14 16:50:58;;Salida;BIOMETRICO1
66;ANDERSON.LUNA RETAMOZO;2021-12-14 16:50:59;;Salida;BIOMETRICO1
66;ANDERSON.LUNA RETAMOZO;2021-12-15 06:44:59;;Entrada;BIOMETRICO1
67;JAIVER.ALVAREZ NIÑO;2021-12-14 07:15:30;;Entrada;BIOMETRICO1
67;JAIVER.ALVAREZ NIÑO;2021-12-14 16:47:51;;Salida;BIOMETRICO1
67;JAIVER.ALVAREZ NIÑO;2021-12-15 06:47:29;;Entrada;BIOMETRICO1
68;DUVAN FERNANDO.BELEÑO LAVERDE;2021-12-14 16:52:27;;Salida;BIOMETRICO1
68;DUVAN FERNANDO.BELEÑO LAVERDE;2021-12-15 06:50:10;;Entrada;BIOMETRICO1
69;DOLLY MARIA.CHAVEZ PEREZ;2021-12-14 07:25:05;;Entrada;BIOMETRICO1
69;DOLLY MARIA.CHAVEZ PEREZ;2021-12-14 16:52:15;;Salida;BIOMETRICO1
69;DOLLY MARIA.CHAVEZ PEREZ;2021-12-15 06:56:26;;Entrada;BIOMETRICO1
70;CARLOS ALBERTO.MARTINEZ;2021-12-14 07:21:19;;Entrada;BIOMETRICO1
70;CARLOS ALBERTO.MARTINEZ;2021-12-14 16:46:33;;Salida;BIOMETRICO1
70;CARLOS ALBERTO.MARTINEZ;2021-12-15 07:01:25;;Entrada;BIOMETRICO1
71;JAN CARLOS.REYES CASTRO;2021-12-14 07:15:12;;Entrada;BIOMETRICO1
71;JAN CARLOS.REYES CASTRO;2021-12-14 16:48:05;;Salida;BIOMETRICO1
71;JAN CARLOS.REYES CASTRO;2021-12-15 06:46:22;;Entrada;BIOMETRICO1
72;SERGIO ANDRES.GONZALEZ PADILLA;2021-12-14 07:16:39;;Entrada;BIOMETRICO1
72;SERGIO ANDRES.GONZALEZ PADILLA;2021-12-14 16:50:15;;Salida;BIOMETRICO1
72;SERGIO ANDRES.GONZALEZ PADILLA;2021-12-14 16:50:16;;Salida;BIOMETRICO1
72;SERGIO ANDRES.GONZALEZ PADILLA;2021-12-15 07:31:38;;Entrada;BIOMETRICO1
73;LUIS MIGUEL.BUITRAGO PINZON;2021-12-14 07:15:23;;Entrada;BIOMETRICO1
73;LUIS MIGUEL.BUITRAGO PINZON;2021-12-14 16:47:55;;Salida;BIOMETRICO1
73;LUIS MIGUEL.BUITRAGO PINZON;2021-12-15 06:47:23;;Entrada;BIOMETRICO1
74;LUIS FELIPE.CRUZ TAPIAS;2021-12-14 16:48:42;;Salida;BIOMETRICO1
74;LUIS FELIPE.CRUZ TAPIAS;2021-12-15 06:48:15;;Entrada;BIOMETRICO1
75;JUAN CARLOS.TAPIAS TORRES;2021-12-14 16:52:23;;Salida;BIOMETRICO1
75;JUAN CARLOS.TAPIAS TORRES;2021-12-15 06:44:19;;Entrada;BIOMETRICO1
76;WILLIAM.GOMEZ RUEDA;2021-12-14 16:52:00;;Salida;BIOMETRICO1
76;WILLIAM.GOMEZ RUEDA;2021-12-15 06:54:34;;Entrada;BIOMETRICO1
77;CARLOS ALBERTO.NAVARRO POLO;2021-12-14 16:52:45;;Salida;BIOMETRICO1
77;CARLOS ALBERTO.NAVARRO POLO;2021-12-15 06:57:34;;Entrada;BIOMETRICO1
79;JULIO CESAR.FONTALVO SANCHEZ;2021-12-14 07:37:47;;Entrada;BIOMETRICO1
79;JULIO CESAR.FONTALVO SANCHEZ;2021-12-14 16:49:54;;Salida;BIOMETRICO1
79;JULIO CESAR.FONTALVO SANCHEZ;2021-12-15 06:46:51;;Entrada;BIOMETRICO1
80;YOANNY.PATIÑO BUENAHORA;2021-12-14 16:49:49;;Salida;BIOMETRICO1
80;YOANNY.PATIÑO BUENAHORA;2021-12-15 06:49:30;;Entrada;BIOMETRICO1
81;SANTIAGO.GORDON SOSA;2021-12-14 16:51:05;;Salida;BIOMETRICO1
82;CEGAR AUGUSTO.DIAZ ARDILA;2021-12-14 07:24:24;;Entrada;BIOMETRICO1
82;CEGAR AUGUSTO.DIAZ ARDILA;2021-12-14 16:55:37;;Salida;BIOMETRICO1
82;CEGAR AUGUSTO.DIAZ ARDILA;2021-12-15 06:46:46;;Entrada;BIOMETRICO1
83;CRISTIAN DANILO.SANCHEZ HERRERA;2021-12-14 07:21:10;;Entrada;BIOMETRICO1
83;CRISTIAN DANILO.SANCHEZ HERRERA;2021-12-14 16:49:30;;Salida;BIOMETRICO1
83;CRISTIAN DANILO.SANCHEZ HERRERA;2021-12-15 06:50:36;;Entrada;BIOMETRICO1
84;JORGE ARMANDO.CARDOZO PARRA;2021-12-14 07:15:05;;Entrada;BIOMETRICO1
84;JORGE ARMANDO.CARDOZO PARRA;2021-12-14 16:51:24;;Salida;BIOMETRICO1
84;JORGE ARMANDO.CARDOZO PARRA;2021-12-15 06:44:50;;Entrada;BIOMETRICO1
85;LUIS FERNANDO.TORO PEREZ;2021-12-14 07:25:48;;Entrada;BIOMETRICO1
85;LUIS FERNANDO.TORO PEREZ;2021-12-14 16:47:12;;Salida;BIOMETRICO1
85;LUIS FERNANDO.TORO PEREZ;2021-12-15 06:49:20;;Entrada;BIOMETRICO1
86;RAFAEL.DIAZ LEON;2021-12-14 07:22:20;;Entrada;BIOMETRICO1
86;RAFAEL.DIAZ LEON;2021-12-14 16:55:10;;Salida;BIOMETRICO1
86;RAFAEL.DIAZ LEON;2021-12-15 06:49:12;;Entrada;BIOMETRICO1
87;MARLON ALFONSO.IBAÑEZ TOLOZA;2021-12-14 07:22:44;;Entrada;BIOMETRICO1
87;MARLON ALFONSO.IBAÑEZ TOLOZA;2021-12-14 16:53:50;;Salida;BIOMETRICO1
87;MARLON ALFONSO.IBAÑEZ TOLOZA;2021-12-14 16:53:52;;Salida;BIOMETRICO1
87;MARLON ALFONSO.IBAÑEZ TOLOZA;2021-12-15 06:55:46;;Entrada;BIOMETRICO1
87;MARLON ALFONSO.IBAÑEZ TOLOZA;2021-12-15 06:55:52;;Entrada;BIOMETRICO1
87;MARLON ALFONSO.IBAÑEZ TOLOZA;2021-12-15 06:55:55;;Entrada;BIOMETRICO1
88;FABIAN ANTONIO.GOMEZ TORDECILLA;2021-12-14 07:31:26;;Entrada;BIOMETRICO1
88;FABIAN ANTONIO.GOMEZ TORDECILLA;2021-12-14 16:51:55;;Salida;BIOMETRICO1
88;FABIAN ANTONIO.GOMEZ TORDECILLA;2021-12-15 06:44:31;;Entrada;BIOMETRICO1
89;EDWIN MERCHX.ISAZA HENAO;2021-12-14 07:20:25;;Entrada;BIOMETRICO1
89;EDWIN MERCHX.ISAZA HENAO;2021-12-14 16:52:57;;Entrada;BIOMETRICO1
89;EDWIN MERCHX.ISAZA HENAO;2021-12-14 16:53:07;;Salida;BIOMETRICO1
89;EDWIN MERCHX.ISAZA HENAO;2021-12-15 06:57:46;;Entrada;BIOMETRICO1
90;YOVANNYS.THOMAS PEINADO;2021-12-14 07:21:03;;Entrada;BIOMETRICO1
90;YOVANNYS.THOMAS PEINADO;2021-12-14 16:53:35;;Salida;BIOMETRICO1
90;YOVANNYS.THOMAS PEINADO;2021-12-15 06:45:52;;Entrada;BIOMETRICO1
92;JAIRO ALONSO.SILVA ROJAS;2021-12-14 07:20:48;;Entrada;BIOMETRICO1
92;JAIRO ALONSO.SILVA ROJAS;2021-12-14 16:53:29;;Salida;BIOMETRICO1
92;JAIRO ALONSO.SILVA ROJAS;2021-12-15 07:00:55;;Entrada;BIOMETRICO1
93;DIDIER ENRRIQUE.PIMIENTA REDONDO;2021-12-14 07:29:57;;Entrada;BIOMETRICO1
93;DIDIER ENRRIQUE.PIMIENTA REDONDO;2021-12-14 16:53:14;;Salida;BIOMETRICO1
93;DIDIER ENRRIQUE.PIMIENTA REDONDO;2021-12-15 06:46:06;;Entrada;BIOMETRICO1
94;CRISTIAN DAVID.MERCADO AREVALO;2021-12-14 07:11:21;;Entrada;BIOMETRICO1
94;CRISTIAN DAVID.MERCADO AREVALO;2021-12-14 16:51:11;;Salida;BIOMETRICO1
94;CRISTIAN DAVID.MERCADO AREVALO;2021-12-15 06:47:17;;Entrada;BIOMETRICO1
95;ANDERSON.RICO ALVARADO;2021-12-14 07:25:13;;Entrada;BIOMETRICO1
95;ANDERSON.RICO ALVARADO;2021-12-14 16:52:50;;Salida;BIOMETRICO1
95;ANDERSON.RICO ALVARADO;2021-12-15 06:45:59;;Entrada;BIOMETRICO1
96;EDWIN ALFONSO.QUIÑONES RAMOS;2021-12-14 07:20:16;;Entrada;BIOMETRICO1
96;EDWIN ALFONSO.QUIÑONES RAMOS;2021-12-14 07:20:32;;Entrada;BIOMETRICO1
96;EDWIN ALFONSO.QUIÑONES RAMOS;2021-12-14 16:50:45;;Salida;BIOMETRICO1
96;EDWIN ALFONSO.QUIÑONES RAMOS;2021-12-15 06:56:38;;Entrada;BIOMETRICO1
97;EDWIN ALFREDO.PARRA VIDES;2021-12-14 07:15:36;;Entrada;BIOMETRICO1
97;EDWIN ALFREDO.PARRA VIDES;2021-12-14 16:53:59;;Salida;BIOMETRICO1
97;EDWIN ALFREDO.PARRA VIDES;2021-12-15 06:48:57;;Entrada;BIOMETRICO1
99;MAURICIO.LEON ALARCON;2021-12-14 07:17:11;;Entrada;BIOMETRICO1
99;MAURICIO.LEON ALARCON;2021-12-15 07:31:34;;Entrada;BIOMETRICO1
101;ALEXANDER.LEON ALARCON;2021-12-14 21:59:43;;Entrada;BIOMETRICO1
101;ALEXANDER.LEON ALARCON;2021-12-15 07:11:01;;Entrada;BIOMETRICO1
102;JORGE DAVID.ESENARRO GUALDRON;2021-12-14 07:17:27;;Entrada;BIOMETRICO1
102;JORGE DAVID.ESENARRO GUALDRON;2021-12-14 16:49:07;;Salida;BIOMETRICO1
102;JORGE DAVID.ESENARRO GUALDRON;2021-12-15 06:43:34;;Entrada;BIOMETRICO1
103;LEOVIGILDO.CARDENAS;2021-12-14 07:16:43;;Entrada;BIOMETRICO1
103;LEOVIGILDO.CARDENAS;2021-12-14 16:50:40;;Salida;BIOMETRICO1
103;LEOVIGILDO.CARDENAS;2021-12-15 06:56:49;;Entrada;BIOMETRICO1
107;DAVID ALEXANDER.TOVAR BELTRAN;2021-12-14 07:14:54;;Entrada;BIOMETRICO1
107;DAVID ALEXANDER.TOVAR BELTRAN;2021-12-14 16:47:05;;Salida;BIOMETRICO1
107;DAVID ALEXANDER.TOVAR BELTRAN;2021-12-15 07:01:32;;Entrada;BIOMETRICO1
108;JHON HAROLD.CHARRY PEREZ;2021-12-14 07:15:45;;Entrada;BIOMETRICO1
108;JHON HAROLD.CHARRY PEREZ;2021-12-14 16:55:29;;Salida;BIOMETRICO1
108;JHON HAROLD.CHARRY PEREZ;2021-12-15 07:01:00;;Entrada;BIOMETRICO1
109;EDWIN ALFREDO.BAUTISTA HURTADO;2021-12-14 07:12:24;;Entrada;BIOMETRICO1
109;EDWIN ALFREDO.BAUTISTA HURTADO;2021-12-14 16:54:52;;Salida;BIOMETRICO1
109;EDWIN ALFREDO.BAUTISTA HURTADO;2021-12-15 06:44:43;;Entrada;BIOMETRICO1
110;JOHNY LEONEL.TORO HERNANDEZ;2021-12-14 07:12:38;;Entrada;BIOMETRICO1
110;JOHNY LEONEL.TORO HERNANDEZ;2021-12-14 16:54:45;;Salida;BIOMETRICO1
110;JOHNY LEONEL.TORO HERNANDEZ;2021-12-15 06:49:03;;Entrada;BIOMETRICO1
91514108;Õ;2021-12-15 07:02:30;;Salida;BIOMETRICO1
113;RUBEN DARIO.FORERO AMOROCHO;2021-12-14 16:46:25;;Salida;BIOMETRICO1
113;RUBEN DARIO.FORERO AMOROCHO;2021-12-15 07:14:13;;Entrada;BIOMETRICO1
116;ROBERTO.PALOMAR PÉREZ;2021-12-15 20:24:04;;Entrada;BIOMETRICO1
